<?xml version="1.0" encoding="utf-8"?>
<modification>
	<name>Atendimento Whatsapp</name>
	<code>whatsapp</code>
	<version>3.1</version>
	<author>REDS</author>
	<link>https://www.agenciaprai.com/</link>
	<!-- /*
 * We use Whatsapp direct URL send message
 * https://faq.whatsapp.com/en/android/26000030/
 * https://faq.whatsapp.com/en/general/21016748
 * https://wa.me/<number>/?text=urlencodedtext
 * https://wa.me/15551234567/?text=I'm%20inquiring%20about%20the%20apartment%20listing
 * https://wa.me/?text=I'm%20inquiring%20about%20the%20apartment%20listing
*/ -->
	
	<file path="catalog/view/theme/*/template/common/header.twig">
		<operation error="skip">
			<search><![CDATA[</head>]]></search>
			<add position="before"><![CDATA[
				<style type="text/css">
				.whatsapp {font-size: 15px;font-weight: 400;color:#fff;letter-spacing: 0.5px;}
				.whatsapp i {background-color:#00e676;border-radius: 2px;color:#fff;font-size: 15px;padding: 1px 2px;}
				</style>
			]]></add>
		</operation>
	</file>
	
	<file path="catalog/view/theme/*/template/common/header.twig">
		<operation>
			<search><![CDATA[
			<div id="top-links" class="nav pull-right">
			]]></search>
			<add position="before"><![CDATA[
        {% if whatsapp_num %}
				<div class="pull-left">
				    <a class="whatsapp" target="_blank" rel="nofollow" href="https://api.whatsapp.com/send?phone={{ whatsapp_num }}&text={{ whatsapp_text }}"><i class="fa fa-whatsapp"></i>&nbsp;{{ whatsapp_button }}</a>
				</div>
        {% endif %}
			]]></add>
		</operation>
	</file>
	
	<file path="catalog/controller/common/header.php">
		<operation error="skip">
			<search><![CDATA[
			$data['home'] = $this->url->link('common/home');
			]]></search>
			<add position="after"><![CDATA[
				$data['whatsapp_button'] = $this->config->get('config_whatsapp_button');
				$data['whatsapp_num'] = $this->config->get('config_whatsapp_num');
				$data['whatsapp_text'] = rawurlencode($this->config->get('config_whatsapp_text'));
			]]></add>
		</operation>
	</file>
	
	<file path="admin/controller/setting/setting.php">
		<operation error="skip">
			<search><![CDATA[
				$this->load->model('tool/image');
			]]></search>
			<add position="before"><![CDATA[
				if (isset($this->request->post['config_whatsapp_button'])) {
					$data['config_whatsapp_button'] = $this->request->post['config_whatsapp_button'];
				} else {
					$data['config_whatsapp_button'] = $this->config->get('config_whatsapp_button');
				}
				
				if (isset($this->request->post['config_whatsapp_num'])) {
					$data['config_whatsapp_num'] = $this->request->post['config_whatsapp_num'];
				} else {
					$data['config_whatsapp_num'] = $this->config->get('config_whatsapp_num');
				}
				
				if (isset($this->request->post['config_whatsapp_text'])) {
					$data['config_whatsapp_text'] = $this->request->post['config_whatsapp_text'];
				} else {
					$data['config_whatsapp_text'] = $this->config->get('config_whatsapp_text');
				}
			]]></add>
		</operation>
	</file>
	
	<file path="admin/view/template/setting/setting.twig">
		<operation error="skip">
			<search><![CDATA[
				<li><a href="#tab-server" data-toggle="tab">{{ tab_server }}</a></li>
			]]></search>
			<add position="after"><![CDATA[
				<li><a href="#tab-whatsapp" data-toggle="tab">{{ tab_whatsapp }}</a></li>
			]]></add>
		</operation>
		<operation error="skip">
			<search><![CDATA[
				<div class="tab-content">
			]]></search>
			<add position="after"><![CDATA[
				<div class="tab-pane" id="tab-whatsapp">
					<div class="form-group">
						<label class="col-sm-4 control-label"><span data-toggle="tooltip" data-placement="top" data-html="true" data-container="#tab-whatsapp" title="{{ info_whatsapp_num }}">{{ text_whatsapp_num }}</span></label>
						<div class="col-sm-4">
							<input class="form-control" id="input-whatsapp-id" type="text" name="config_whatsapp_num" placeholder="{{ help_whatsapp_num }}" value="{{ config_whatsapp_num }}" />
							<p>{{ info_whatsapp }}</p>
						</div>
						</div>
					<div class="form-group">
						<label class="col-sm-4 control-label" for="input-whatsapp-button"><span data-toggle="tooltip" data-placement="top" data-html="true" data-container="#tab-whatsapp" title="{{ help_whatsapp_button }}">{{ text_whatsapp_button }}</span></label>
						<div class="col-sm-6">
							<input class="form-control" id="input-whatsapp-button" type="text" name="config_whatsapp_button" placeholder="{{ help_whatsapp_button }}" value="{{ config_whatsapp_button }}" />
						</div>
					</div>
					<div class="form-group">
							<label class="col-sm-4 control-label" for="input-whatsapp-text"><span data-toggle="tooltip" data-container="#tab-whatsapp" title="{{ help_whatsapp_text }}">{{ entry_whatsapp_text }}</span></label>
							<div class="col-sm-6">
								<textarea name="config_whatsapp_text" rows="3" placeholder="{{ entry_whatsapp_text }}" id="input-whatsapp-text" class="form-control">{{ config_whatsapp_text }}</textarea>
						</div>
					</div>
				</div>
			]]></add>
		</operation>
	</file>
	<file path="admin/language/*/setting/setting.php">
    <operation>
      <search><![CDATA[// Text]]></search>
      <add position="after"><![CDATA[
        // Whatsapp
        $_['tab_whatsapp'] 	        = 'Whatsapp';
        $_['text_whatsapp_num']     = 'Seu Numero whatsapp';
        $_['text_whatsapp_button'] 	= 'Nome do Botão';
        $_['info_whatsapp_num']     = 'Cód do Pais *Brasil: 55<br>Código de area: 11<br>Numero: 12345-1234'; 	
        $_['info_whatsapp']         = 'Ex: 5511123451234 - <span class="text-danger">Use apenas numeros para preenchimento*</span>';
		$_['help_whatsapp_num'] 	= '5511123451234';
		$_['help_whatsapp_button'] 	= 'Informe o nome do botão Ex: Atendimento WhatsApp';
		$_['help_whatsapp_text'] 	= 'Texto enviado pelo cliente ao clicar no botão';
		$_['entry_whatsapp_text'] 	= 'Texto enviado';
		
      ]]></add>
    </operation>
  </file>
	
</modification>