<?xml version="1.0" encoding="utf-8"?>
<modification>
	<name>Atendimento Whatsapp</name>
	<code>reds_button_whatsapp</code>
	<version>1.3</version>
	<author>REDS</author>
	<link>https://www.prai.com.br/</link>
	
	<file path="catalog/view/theme/*/template/common/header.twig">
		<operation error="skip">
			<search><![CDATA[</head>]]></search>
			<add position="before"><![CDATA[
<style type="text/css">
.btn-whatsapp {color: #00e676;}
.btn-whatsapp .fa {font-size: initial;}
.btn-whatsapp .fa-stack-2x {font-size: 2em;}
{% if whatsapp_fixed %}
.fix-whatsapp {position: fixed;bottom: 10%;right: 25px;z-index: 99;}
{% endif %}
</style>
			]]></add>
		</operation>
	</file>
	
	<file path="catalog/view/theme/*/template/common/header.twig">
		<operation>
			<search><![CDATA[
			{{ currency }}
			]]></search>
			<add position="after"><![CDATA[
			<div class="pull-left">
            {% if whatsapp_tell and whatsapp_top %}
		    <a class="btn-whatsapp" rell="nofollow" target="_blank" href="https://api.whatsapp.com/send?phone={{ whatsapp_tell }}/?&text={{ whatsapp_message }}"><span class="fa-stack fa-lg"><i class="fa fa-circle fa-stack-2x"></i><i class="fa fa-whatsapp fa-stack-1x fa-inverse"></i></span>{% if whatsapp_name %}&nbsp;{{ whatsapp_name }}{% endif %}</a>
            {% endif %}
            {% if whatsapp_tell and whatsapp_fixed %}
		    <a class="btn-whatsapp fix-whatsapp" rell="nofollow" target="_blank" href="https://api.whatsapp.com/send?phone={{ whatsapp_tell }}/?&text={{ whatsapp_message }}" data-toggle="tooltip" title="{% if whatsapp_name %}{{ whatsapp_name }}{% else %}Atendimento Whatsapp{% endif %}"><span class="fa-stack fa-2x"><i class="fa fa-circle fa-stack-2x"></i><i class="fa fa-whatsapp fa-stack-2x fa-inverse"></i></span></a>
            {% endif %}
            </div>
			]]></add>
		</operation>
	</file>
	
	<file path="catalog/controller/common/header.php">
		<operation error="skip">
			<search><![CDATA[
			$data['home'] = $this->url->link('common/home');
			]]></search>
			<add position="after"><![CDATA[
			    // BTN WHATSAPP @REDS 06/08/2021
				$data['whatsapp_name'] = $this->config->get('config_whatsapp_name');
				$data['whatsapp_tell'] = $this->config->get('config_whatsapp_tell');
				$data['whatsapp_message'] = $this->config->get('config_whatsapp_message');
				
				if ($this->config->get('config_whatsapp_top')) {
					$data['whatsapp_top'] = $this->config->get('config_whatsapp_top');
				} else {
					$data['whatsapp_top'] = false;
				}
				
				if ($this->config->get('config_whatsapp_fixed')) {
					$data['whatsapp_fixed'] = $this->config->get('config_whatsapp_fixed');
				} else {
					$data['whatsapp_fixed'] = false;
				}
			]]></add>
		</operation>
	</file>
	
	<file path="admin/controller/setting/setting.php">
		<operation error="skip">
			<search><![CDATA[
				$this->load->model('tool/image');
			]]></search>
			<add position="before"><![CDATA[
				if (isset($this->request->post['config_whatsapp_name'])) {
					$data['config_whatsapp_name'] = $this->request->post['config_whatsapp_name'];
				} else {
					$data['config_whatsapp_name'] = $this->config->get('config_whatsapp_name');
				}
				
				if (isset($this->request->post['config_whatsapp_tell'])) {
					$data['config_whatsapp_tell'] = $this->request->post['config_whatsapp_tell'];
				} else {
					$data['config_whatsapp_tell'] = $this->config->get('config_whatsapp_tell');
				}
				
				if (isset($this->request->post['config_whatsapp_message'])) {
					$data['config_whatsapp_message'] = $this->request->post['config_whatsapp_message'];
				} else {
					$data['config_whatsapp_message'] = $this->config->get('config_whatsapp_message');
				}
				
				// header
				if (isset($this->request->post['config_whatsapp_top'])) {
        			$data['config_whatsapp_top'] = $this->request->post['config_whatsapp_top'];
        		} else {
        			$data['config_whatsapp_top'] = $this->config->get('config_whatsapp_top');
        		}
				// Fixed right
				if (isset($this->request->post['config_whatsapp_fixed'])) {
        			$data['config_whatsapp_fixed'] = $this->request->post['config_whatsapp_fixed'];
        		} else {
        			$data['config_whatsapp_fixed'] = $this->config->get('config_whatsapp_fixed');
        		}
			]]></add>
		</operation>
	</file>
	
	<file path="admin/view/template/setting/setting.twig">
		<operation error="skip">
			<search><![CDATA[
				<li><a href="#tab-server" data-toggle="tab">{{ tab_server }}</a></li>
			]]></search>
			<add position="after"><![CDATA[
				<li><a href="#tabWhastapp" data-toggle="tab">whatsapp</a></li>
			]]></add>
		</operation>
		<operation error="skip">
			<search><![CDATA[
				<div class="tab-content">
			]]></search>
			<add position="after"><![CDATA[
				<div class="tab-pane" id="tabWhastapp">
					<div class="form-group">
						<div class="col-sm-4 control-label" for="in-whatsapp-id">
								<label control-label">Seu Numero whatsapp:</label>
							<ul class="list-unstyled">
								<li>Cód do Pais *Brasil: 55</li>
								<li>Código de area: 11</li>
								<li>Numero: 12345-1234</li>
								<li>Ex: 5511123451234</li>
								<li><span class="text-danger">Use apenas numeros para preenchimento*</span></li>
							</ul>
						</div>
						<div class="col-sm-4">
							<input class="form-control" id="in-whatsapp-id" type="text" name="config_whatsapp_tell" placeholder="5511123451234" value="{{ config_whatsapp_tell }}" />
						</div>
						</div>
					<div class="form-group">
					    <div class="col-sm-4">
						    <label class="control-label" for="tl-whatsapp">Nome do Botão</label><br>
						    <small><b>Sugestão:</b>Fale pelo Whatsapp</small>
						</div>
						<div class="col-sm-6">
							<input class="form-control" id="tl-whatsapp" type="text" name="config_whatsapp_name" placeholder="Atendimento WhatsApp" value="{{ config_whatsapp_name }}" />
						</div>
					</div>
					<div class="form-group">
					    <div class="col-sm-4">
						    <label class="control-label" for="tl-whatsapp">Mensagem ao enviar</label><br>
						    <small><b>Sugestão:</b> Olá! Estava navegando no site da loja e preferi vir falar pelo WhatsApp! Pode me ajudar!</small>
						</div>
						<div class="col-sm-6">
							<input class="form-control" id="tl-whatsapp" type="text" name="config_whatsapp_message" placeholder="Olá, vim pelo site" value="{{ config_whatsapp_message }}" />
						</div>
					</div>
					<div class="form-group">
                      <div class="col-sm-4">
                        <label class="control-label">Exibir Botão no topo?</label><br>
                        <small>Informe se deseja exibir um botão fixo no top menu do site.</small>
                      </div>
                      <div class="col-sm-6">
                        <label class="radio-inline"> {% if config_whatsapp_top %}
                          <input type="radio" name="config_whatsapp_top" value="1" checked="checked" />{{ text_yes }}
                          {% else %}
                          <input type="radio" name="config_whatsapp_top" value="1" />{{ text_yes }}
                          {% endif %} 
                        </label>
                        <label class="radio-inline"> {% if not config_whatsapp_top %}
                          <input type="radio" name="config_whatsapp_top" value="0" checked="checked" />{{ text_no }}
                          {% else %}
                          <input type="radio" name="config_whatsapp_top" value="0" />{{ text_no }}
                          {% endif %}
                        </label>
                      </div>
                    </div>
                    
    				<div class="form-group">
                      <div class="col-sm-4">
                        <label class="control-label">Exibir Botão flutuante?</label><br>
                        <small>Informe se deseja exibir um botão flutuante no canto inferior direito.</small>
                      </div>
                      <div class="col-sm-6">
                        <label class="radio-inline"> {% if config_whatsapp_fixed %}
                          <input type="radio" name="config_whatsapp_fixed" value="1" checked="checked" />{{ text_yes }}
                          {% else %}
                          <input type="radio" name="config_whatsapp_fixed" value="1" />{{ text_yes }}
                          {% endif %} 
                        </label>
                        <label class="radio-inline"> {% if not config_whatsapp_fixed %}
                          <input type="radio" name="config_whatsapp_fixed" value="0" checked="checked" />{{ text_no }}
                          {% else %}
                          <input type="radio" name="config_whatsapp_fixed" value="0" />{{ text_no }}
                          {% endif %}
                        </label>
                      </div>
                    </div>
                
				</div>
			]]></add>
		</operation>
	</file>
	
</modification>